Job Title,Company,Location,URL
"SAP Data Analyst
SAP Data Analyst with verification",Atlantic Group,"Louisville, CO (On-site)",https://www.linkedin.com/jobs/view/3927139043/?eBP=CwEAAAGQcIIuTsDguOCxZbN0kaHwwHoGhdKjILtB5lWWOMbwauPIoe10aEl6yWdVMI4Za5JsNpgwCT_cA3qSBEyE10eyNkaynFnoZH0XkRNj1nU3bKGGQAnAVjOsgUZn4snu1JSOM-o8_unYKJSbMy0d6qn0w-AQvsxI4_jp__HDyIuPrwbbnyOYVEwahVhRcwHb0Stmf3nYKlmZJBUVSPnhURcdh5CDNdSDmA4gBQGBPh_G2FmKIkNOqkQVbtVbUSPDYxzrClaNdD1dsKLe71cYGeXdUvCDck7yX-IxRN8fi7ptcC_LGdV9QQaliYkV5K87ct6iWt-Iji3aCawYU5vMXXiDDJcDmW9j0L31XjpRVnCMOarBDoV2k2TwFmc8zFoA8hTg-BkLcCCOB101Rsn40Rl0s_02cMOv5ozkf8DT_zJXumBF6IwElfIh_PJFjcAwSMgC2xvKE8SZBbvH67eLGFJIT95ZNuilSQ&refId=SBVko33Z5SuxAJthW3S%2BWA%3D%3D&trackingId=WFKkizK7tpn4cgvS0SstXw%3D%3D&trk=flagship3_search_srp_jobs
"Data Analyst Intern
Data Analyst Intern",ZURU Toy Company,"Los Angeles County, CA (On-site)",https://www.linkedin.com/jobs/view/3964277158/?eBP=CwEAAAGQcIIuTlejBLyv6P9r61c-SM7A5FkFQWG12Fspx4KdERSEywvx2HSTgt_cxBsobuOx9mVpRiCc_aV9hI-C_sdksQfhc3RcX1NePg6gum-8FLcldloc0foM4cdRP3wNX8cgC3GRZlwhhVdeEhian0bKwn1zn3aeVeIGM9V5p2yZG5c7aIzm19QO5X-WUa5fS4kqDTF2rOHqRHQsg3fwcSczgVl0MzRRDLSt34N_RpxJ9A12olcMFUtTX6Xv3mfzB8VX60pHmuFWt5Ro7FlrsVC9u4XEJhFizOdRJmWy2H3Bj96uuud1vWVD-q_2pBOUeepVSGQTSURLPLRPP-fE4QnB-co_s9OM0wyoPBERL42_BmYy_iYTWbaUV1m8eMf2py57x3yQfVJRy8f87IjlheRe3VM3xpEJWJar9ybPUdEqUDYGtXRTMbDIfZwOrj6yRQfEYJNQFojz49eT19U5Itu73uXWGcif6tr64uXpeFiuebU&refId=SBVko33Z5SuxAJthW3S%2BWA%3D%3D&trackingId=wrxp493l1JN0Z2oPZG49dA%3D%3D&trk=flagship3_search_srp_jobs
"F1-OPT Junior Data Analyst
F1-OPT Junior Data Analyst",Dexian Inc,"Houston, TX (Remote)",https://www.linkedin.com/jobs/view/3964761535/?eBP=CwEAAAGQcIIuTviPdmphKIVon3gUuZcHJ_jX4xL2Iha3WlirELwxooU5iM3RE6qbHJ_R4IT1dz40Zq_MjlDKvoNVZxIbylPdfJ5scsx9z5AwmesPQfvs0bL2tgfnWt8C3UuT9SpqqH1kVk-fd-mRP4mKi9K5dNKpW3LuEpg3FsmkXjx7cmcLFvuDyxKgM5PDXJWkZ97zds8KwT2IqGQjXNhIb4Ub6Lp8tcDbQhmLrZ-UM_Y0jLBYPHmPVDHI_ObDCkyGEp1pxatUz_WIibHue9TjN4Li9ooTuKOB92JTy3hiwkXP7tlUeIO5mKjDX-MgQE-UDqVuoanZm1DRcNSvaTb4CE9mBn2SuYmWR1QM-3feAVVZU7yJY6wqIKBOcHnY4y3Q1yltASIvlAgYUlTRfl4w6cTXll9zbFfnK2mtmfm7k98&refId=SBVko33Z5SuxAJthW3S%2BWA%3D%3D&trackingId=wqOGjdvWYicJOhCB7eCB4w%3D%3D&trk=flagship3_search_srp_jobs
"Data Analyst - Entry Level
Data Analyst - Entry Level",ThinkTek,"Alexandria, VA (Hybrid)",https://www.linkedin.com/jobs/view/3963420550/?eBP=CwEAAAGQcIIuTmwprWoYuaz7UL3otoe0oWflDlSjX2elWmT6BnJ0GPiiBhvqocbE8mOiVqUtYcXx9s2OGdWiJvQsDpvEemnNUh1GuFEUB2G0o7zj21SusYKnDtmBJG3MIEkthSCHnheccc9DxMC5B1nvMtNeB6pzQm3UEF1D-6MY2SlNzBaTbUOQ9N6sBwo_jyr1PSy-f2FjgcEi0_0rjsDvVUtq7JxB73GHC3Zm72u-VspP-m4GIp3OTFrwEh0qX989TiKW8gbdWKX5bjG_tb27RgoRDtXrmy2Uyxpvl20_OXtDNdNodjd-V9qdLe8MF7fwxYPY8xGS9-Jkicg7KCOKuKIjRoMfaytMqaSfZXm9NWQT0CjIXTnLd0JGpl7FyPow-n5b2gSyWBGyrX6Ei8e8PZq3G57XCSe_l9yd3CRh_eJOv6pHUuRY4D1NutDasoaAGJqY0ktalUV9yFluB3O8MA&refId=SBVko33Z5SuxAJthW3S%2BWA%3D%3D&trackingId=ht9Rv5yCdl93NJRe4021uw%3D%3D&trk=flagship3_search_srp_jobs
"Data Analyst
Data Analyst with verification",Innova Solutions,"Herndon, VA (Remote)",https://www.linkedin.com/jobs/view/3963445779/?eBP=CwEAAAGQcIIuTh55hxC92jhVupUMm_C6tQt7VeZ_EpQyjj-Qb9FAkFDUicn0gGcfYxya-jh_3jzPzMGMVV9WCdTy1t__NU52L9gEjD5-uG6w3NobnzaFqXXDxQOkFE8KoW-jL5tY6898JxJcRj3J7vhIx_yRTLz5t0vLTGIc_qwQcNukgkzQsljRXHtLjUjOWsCF7SvdyVULC2yo6OIzXX_CrB5wwyEObdCI_bk1JwjLSnIeugysq9ViVgmgtOFxUVwGoJWgwfhCEGQnK9iNZDT5XnsF2uZQgalqMmpLfiELOEp2f75XcW0zB9DlZCvVedtrnIRGGEOwXN_VfOYhEorPy-1BSYaB9B27uwSTrx-sx8oXiQmGWs6MqR-KpHCUZy6bF4WUhN8h_t5SbjLALrNpUQ1PJKQlsnK21GxqWLWV2kWXRdCtgnh02BToIDXiLcL87Ip9LRR99tT0Ox_Uy1MrATQqnIJVWX8CWiJ5&refId=SBVko33Z5SuxAJthW3S%2BWA%3D%3D&trackingId=hDQyH6%2FDE4ITfXVfx5FdiQ%3D%3D&trk=flagship3_search_srp_jobs
"Data Analyst
Data Analyst",KTI Talent Indicator,"Pennsylvania, United States (Remote)",https://www.linkedin.com/jobs/view/3964836432/?eBP=CwEAAAGQcIIuTuKuEJdJRx4QIoLzQcUHy_vZa777WyzdUd4tw9qWqR9zRl09R0_pBuKGXYBRuFJyApiDG80Tw1u6qaXIhRjOy4TfIlSfzzn1zXMIgYgMkVqHct6J1MuIszuJOdCGSiIdcsnRxCrQcPjgcl2Ma1na9W7LeBlyDkBNR9J_Oax62wIXvGU39aSGSeAj7nhEw7iV-xG-HYz19u38ZEQkR6gokjDAd0eP66HzqmkWWQo_h8JffG3IHVDIyl6nLlPVYuWsRuxh-sZ1JO4uWE7MLbvZArnrbtvCu9d4y95fQt9X6h7w_R-BrSUVro0jQg7_gxHcfb-DuOsTlOy448WNIHGsunO3gZKpnoo_lljQppoZoPQniXFR2q2H3hM5XEkp95kaaCbw4xJUiG-B1eqqsBZVe5gmTezx6B-k&refId=SBVko33Z5SuxAJthW3S%2BWA%3D%3D&trackingId=5Ckk3rRmjFtwWfajR%2FYwDg%3D%3D&trk=flagship3_search_srp_jobs
"Data Analyst
Data Analyst with verification","LanceSoft, Inc.","California, United States (On-site)",https://www.linkedin.com/jobs/view/3964709425/?eBP=CwEAAAGQcIIuTi4-QOemNEUwfJvVTNoN6deXrWkxT9MTQx8xOmWTDcF1LeFj934ZoIHW8X_VdXLdfX2s9wOdtWQrWqtrvNbwkSc2THvNzp9Vbp5dj6O4149q4kQdbVP2kJvnk35MoNVwe3C6oWrGopAWyyEK6AFSgIrVmhztDQU21-NkPc90mo-tW71kmpv4cNeXa5fDETkhi8RFVAMkPqUhTIN3lJBP8WV_D2Tk1vjDolsNbvWIEFIVwO_KLgbSwW6TTfPoRD68pC2hob1fztW0H5z-508IZSVaS68qIYfVVwyQax2kxBeMlmJ1hNtmbQItVvhoejJzy_pPr_qUacjevpCUwjXz7ix_bvzTGDD1ZAvLLqsDDk9_X5yJEzhdptbe5Pt6bmy7JutKo4OflAVTtUPswqgdrZUr695hn785oyaAmzjIDT7PfA&refId=SBVko33Z5SuxAJthW3S%2BWA%3D%3D&trackingId=XhHiouP8o5q6eST2c4gTtA%3D%3D&trk=flagship3_search_srp_jobs
