"title","company","location","date","link"
"Data Analytics Intern - Fall 2024 - Smyrna, TN","Nissan Motor Corporation","Smyrna, TN","2024-06-18","https://www.linkedin.com/jobs/view/data-analytics-intern-fall-2024-smyrna-tn-at-nissan-motor-corporation-3952541094?position=1&pageNum=0&refId=PBdXzQYgdE3sVqb6UZmT0Q%3D%3D&trackingId=fJVrY6vXfI5o6rLrgp9Www%3D%3D&trk=public_jobs_jserp-result_search-card"
"Data Analyst Internship - Data Science & Gen-AI Team","Peerlogic","Scottsdale, AZ","2024-06-26","https://www.linkedin.com/jobs/view/data-analyst-internship-data-science-gen-ai-team-at-peerlogic-3960000140?position=2&pageNum=0&refId=PBdXzQYgdE3sVqb6UZmT0Q%3D%3D&trackingId=sSyKwOiC5JDWA2Bfv3G27w%3D%3D&trk=public_jobs_jserp-result_search-card"
"Intern, Data Analytics (Summer 2025)","Wiss","Florham Park, NJ","2024-06-18","https://www.linkedin.com/jobs/view/intern-data-analytics-summer-2025-at-wiss-3931682226?position=3&pageNum=0&refId=PBdXzQYgdE3sVqb6UZmT0Q%3D%3D&trackingId=7GEqx5DbRWtOJFAbL8Buaw%3D%3D&trk=public_jobs_jserp-result_search-card"
"Data & Analytics Intern (Fall 2024)","Precision","New York, NY","2024-06-18","https://www.linkedin.com/jobs/view/data-analytics-intern-fall-2024-at-precision-3951798898?position=6&pageNum=0&refId=PBdXzQYgdE3sVqb6UZmT0Q%3D%3D&trackingId=OT4UvoGeZcHyy%2B90sd1Zzg%3D%3D&trk=public_jobs_jserp-result_search-card"
"Data Engineering Intern - Paid","Open Road Integrated Media Inc.","New York, NY","2024-06-13","https://www.linkedin.com/jobs/view/data-engineering-intern-paid-at-open-road-integrated-media-inc-3949814278?position=7&pageNum=0&refId=PBdXzQYgdE3sVqb6UZmT0Q%3D%3D&trackingId=0IufZEW8n4YPTOiFOTZCfQ%3D%3D&trk=public_jobs_jserp-result_search-card"
"IT Systems and Data Analysis Intern","WHYY","Philadelphia, PA","2024-06-28","https://www.linkedin.com/jobs/view/it-systems-and-data-analysis-intern-at-whyy-3963027497?position=8&pageNum=0&refId=PBdXzQYgdE3sVqb6UZmT0Q%3D%3D&trackingId=d4w6bohycyCshQXsuK1sSw%3D%3D&trk=public_jobs_jserp-result_search-card"
"Data Analytics & Visualization Analyst -(Berkeley Heights, NJ)","VetJobs","Oregon, United States","2024-06-27","https://www.linkedin.com/jobs/view/data-analytics-visualization-analyst-berkeley-heights-nj-at-vetjobs-3962411074?position=9&pageNum=0&refId=PBdXzQYgdE3sVqb6UZmT0Q%3D%3D&trackingId=ucoDgczYwXwHPykobMgW1g%3D%3D&trk=public_jobs_jserp-result_search-card"
"Co-op, Crew Resources - Data Analyst (Fall, 2024)","Delta Air Lines","Atlanta, GA","2024-06-22","https://www.linkedin.com/jobs/view/co-op-crew-resources-data-analyst-fall-2024-at-delta-air-lines-3923065263?position=10&pageNum=0&refId=PBdXzQYgdE3sVqb6UZmT0Q%3D%3D&trackingId=Trs2UiWDXrzGZzgVbaFCeQ%3D%3D&trk=public_jobs_jserp-result_search-card"
"Global Quantitative Analytics Summer 2025 Analyst","Bank of America","New York, NY","2024-06-22","https://www.linkedin.com/jobs/view/global-quantitative-analytics-summer-2025-analyst-at-bank-of-america-3938081041?position=14&pageNum=0&refId=PBdXzQYgdE3sVqb6UZmT0Q%3D%3D&trackingId=U76OHLNHGBxxaV97F4ODlQ%3D%3D&trk=public_jobs_jserp-result_search-card"
"CNN Polling and Data Analytics Intern: DC - Fall 2024","myGwork - LGBTQ+ Business Community","Washington, United States","2024-07-04","https://www.linkedin.com/jobs/view/cnn-polling-and-data-analytics-intern-dc-fall-2024-at-mygwork-lgbtq%2B-business-community-3964497162?position=16&pageNum=0&refId=PBdXzQYgdE3sVqb6UZmT0Q%3D%3D&trackingId=KLoWxNDDkHic05lX6mrUPg%3D%3D&trk=public_jobs_jserp-result_search-card"
"Summer 2024, Data Analytics Engineering Intern, Local candidates Only","Western Digital","San Jose, CA","2024-06-28","https://www.linkedin.com/jobs/view/summer-2024-data-analytics-engineering-intern-local-candidates-only-at-western-digital-3963082708?position=17&pageNum=0&refId=PBdXzQYgdE3sVqb6UZmT0Q%3D%3D&trackingId=GF4W18roX6hUiyBCV2fmFg%3D%3D&trk=public_jobs_jserp-result_search-card"
"Database Developer Intern","Copart","Dallas, TX","2024-06-28","https://www.linkedin.com/jobs/view/database-developer-intern-at-copart-3960223616?position=18&pageNum=0&refId=PBdXzQYgdE3sVqb6UZmT0Q%3D%3D&trackingId=rcxFVQcGL7mpGxguIlgRSA%3D%3D&trk=public_jobs_jserp-result_search-card"
"Data Analyst Training And Placement","AGAP Technologies Inc","Kansas City, MO","2024-06-15","https://www.linkedin.com/jobs/view/data-analyst-training-and-placement-at-agap-technologies-inc-3950284360?position=21&pageNum=0&refId=PBdXzQYgdE3sVqb6UZmT0Q%3D%3D&trackingId=JI9umt572v6PPGCKewWmxQ%3D%3D&trk=public_jobs_jserp-result_search-card"
"Global Quantitative Analytics Summer 2025 Analyst","Bank of America","Jersey City, NJ","2024-06-22","https://www.linkedin.com/jobs/view/global-quantitative-analytics-summer-2025-analyst-at-bank-of-america-3938081039?position=22&pageNum=0&refId=PBdXzQYgdE3sVqb6UZmT0Q%3D%3D&trackingId=VkFXjNNmEEfePvq6sCJwVg%3D%3D&trk=public_jobs_jserp-result_search-card"
"Global Quantitative Analytics Summer 2025 Analyst","Bank of America","Chicago, IL","2024-06-22","https://www.linkedin.com/jobs/view/global-quantitative-analytics-summer-2025-analyst-at-bank-of-america-3938081040?position=23&pageNum=0&refId=PBdXzQYgdE3sVqb6UZmT0Q%3D%3D&trackingId=dCMBI7tXdeqcU4Q9%2Fs69NQ%3D%3D&trk=public_jobs_jserp-result_search-card"
"Business Systems Analyst 1/ Trainee 1/2 (NY HELPS) - Vacancy ID# 161996","New York State Department of State","Albany, NY","2024-07-01","https://www.linkedin.com/jobs/view/business-systems-analyst-1-trainee-1-2-ny-helps-vacancy-id%23-161996-at-new-york-state-department-of-state-3964803325?position=24&pageNum=0&refId=PBdXzQYgdE3sVqb6UZmT0Q%3D%3D&trackingId=rXt9Z%2FzZmNdqVpyPfRFSUQ%3D%3D&trk=public_jobs_jserp-result_search-card"
"Global Quantitative Analytics Summer 2025 Analyst","Bank of America","Atlanta, GA","2024-06-22","https://www.linkedin.com/jobs/view/global-quantitative-analytics-summer-2025-analyst-at-bank-of-america-3938078235?position=25&pageNum=0&refId=PBdXzQYgdE3sVqb6UZmT0Q%3D%3D&trackingId=rjZ6PoFybTLxmqBnSDnayg%3D%3D&trk=public_jobs_jserp-result_search-card"
"Credit Data and Analytics and Business Controls/Process Optimization - Enterprise Credit Summer Analyst Program 2025","Bank of America","Charlotte, NC","2024-06-22","https://www.linkedin.com/jobs/view/credit-data-and-analytics-and-business-controls-process-optimization-enterprise-credit-summer-analyst-program-2025-at-bank-of-america-3938078221?position=29&pageNum=0&refId=PBdXzQYgdE3sVqb6UZmT0Q%3D%3D&trackingId=lg1yw3xSWg4yhrux7lj1Eg%3D%3D&trk=public_jobs_jserp-result_search-card"
"Founding Data Engineer - Python, SQL, Scala","CyberCoders","Los Angeles, CA","2024-06-22","https://www.linkedin.com/jobs/view/founding-data-engineer-python-sql-scala-at-cybercoders-3847574568?position=30&pageNum=0&refId=PBdXzQYgdE3sVqb6UZmT0Q%3D%3D&trackingId=kGIUKAbO7NWFOkCIxeN%2Bdg%3D%3D&trk=public_jobs_jserp-result_search-card"
"Data Engineer (Skillbridge Intern) - 18377","Enlighten","Augusta, GA","2024-06-22","https://www.linkedin.com/jobs/view/data-engineer-skillbridge-intern-18377-at-enlighten-3882242954?position=31&pageNum=0&refId=PBdXzQYgdE3sVqb6UZmT0Q%3D%3D&trackingId=0FClPFl9E%2FSUeAJE4%2F58DA%3D%3D&trk=public_jobs_jserp-result_search-card"
"GEOINT & IMINT Cleared Positions: Several","Geo Owl","Augusta, GA","2024-06-17","https://www.linkedin.com/jobs/view/geoint-imint-cleared-positions-several-at-geo-owl-3951089112?position=33&pageNum=0&refId=PBdXzQYgdE3sVqb6UZmT0Q%3D%3D&trackingId=UNRa5NeieRPQQ1GudW585g%3D%3D&trk=public_jobs_jserp-result_search-card"
"Ocean Modeling and Data Analysis","ORAU","Pasadena, CA","2024-07-02","https://www.linkedin.com/jobs/view/ocean-modeling-and-data-analysis-at-orau-3963751037?position=36&pageNum=0&refId=PBdXzQYgdE3sVqb6UZmT0Q%3D%3D&trackingId=xcVVl4Gcj4mt7KupGtw9rA%3D%3D&trk=public_jobs_jserp-result_search-card"
"Information Technology Analyst (Departmental Analyst (Trainee) 9-12)","State of Michigan","Lansing, MI","2024-07-01","https://www.linkedin.com/jobs/view/information-technology-analyst-departmental-analyst-trainee-9-12-at-state-of-michigan-3963191629?position=37&pageNum=0&refId=PBdXzQYgdE3sVqb6UZmT0Q%3D%3D&trackingId=OKuFKyArHNhepUO8Ho1rag%3D%3D&trk=public_jobs_jserp-result_search-card"
"Climate Data Analysis Using GPS Radio Occultation","ORAU","Pasadena, CA","2024-07-02","https://www.linkedin.com/jobs/view/climate-data-analysis-using-gps-radio-occultation-at-orau-3963747616?position=38&pageNum=0&refId=PBdXzQYgdE3sVqb6UZmT0Q%3D%3D&trackingId=1KnDFe%2Fm6X6P6GYnwug4Pg%3D%3D&trk=public_jobs_jserp-result_search-card"
"AI Developer Intern","myGwork - LGBTQ+ Business Community","Lake, IL","2024-07-03","https://www.linkedin.com/jobs/view/ai-developer-intern-at-mygwork-lgbtq%2B-business-community-3964428672?position=39&pageNum=0&refId=PBdXzQYgdE3sVqb6UZmT0Q%3D%3D&trackingId=WjSNsI6zdKrMRKek5s%2BMgQ%3D%3D&trk=public_jobs_jserp-result_search-card"
"Prácticas en Analytics con tecnología Microsoft en Málaga - Octubre 2024","Avanade","Malaga, WA","2024-07-02","https://www.linkedin.com/jobs/view/pr%C3%A1cticas-en-analytics-con-tecnolog%C3%ADa-microsoft-en-m%C3%A1laga-octubre-2024-at-avanade-3962913840?position=40&pageNum=0&refId=PBdXzQYgdE3sVqb6UZmT0Q%3D%3D&trackingId=MPn7TZetKOB6O4MoVQ%2FvNA%3D%3D&trk=public_jobs_jserp-result_search-card"
"Digital Technology Intern","LTIMindtree","Sacramento, CA","2024-06-30","https://www.linkedin.com/jobs/view/digital-technology-intern-at-ltimindtree-3960898473?position=44&pageNum=0&refId=PBdXzQYgdE3sVqb6UZmT0Q%3D%3D&trackingId=5G0bC8bjxt%2FEb49bQTjBGQ%3D%3D&trk=public_jobs_jserp-result_search-card"
"Digital Technology Intern","LTIMindtree","Paterson, NJ","2024-06-30","https://www.linkedin.com/jobs/view/digital-technology-intern-at-ltimindtree-3961100369?position=45&pageNum=0&refId=PBdXzQYgdE3sVqb6UZmT0Q%3D%3D&trackingId=e0e56SYeea8aiFsbxwVWtg%3D%3D&trk=public_jobs_jserp-result_search-card"
"Digital Technology Intern","LTIMindtree","Yonkers, NY","2024-06-30","https://www.linkedin.com/jobs/view/digital-technology-intern-at-ltimindtree-3961104208?position=46&pageNum=0&refId=PBdXzQYgdE3sVqb6UZmT0Q%3D%3D&trackingId=aRZ8F8QSIGJW3OtFcANiIg%3D%3D&trk=public_jobs_jserp-result_search-card"
"Digital Technology Intern","LTIMindtree","Minneapolis, MN","2024-06-30","https://www.linkedin.com/jobs/view/digital-technology-intern-at-ltimindtree-3960898425?position=47&pageNum=0&refId=PBdXzQYgdE3sVqb6UZmT0Q%3D%3D&trackingId=zsc%2FkDSrGarPF%2B4wSzsYLA%3D%3D&trk=public_jobs_jserp-result_search-card"
